Rtf1,Area
EV,0
EV,0
EV,0
WT,0.922222222
WT,0.785326087
WT,0.746532648
3-5A,0
3-5A,0
3-5A,0
5-7A,0
5-7A,0.001415605
5-7A,0
8-9A,0
8-9A,0
8-9A,0
11A,0
11A,0
11A,0.063829787
15-16A,0.959372486
15-16A,0.459404276
15-16A,0.697060932
18-19A,0.924358892
18-19A,0.476942628
18-19A,0.751358025
21-22A,0.499286326
21-22A,0.655734616
21-22A,0.650909091
25-27A,1.060560032
25-27A,0.691693962
25-27A,0.679337349
28-30A,0.888681882
28-30A,0.776816737
28-30A,0.867878788